INSERT INTO users.details (username, emailID, passwordkey, age, gender, userWeight, userHeight, signUpDate)
VALUES
('john_doe', 'john@example.com', 'pass123', 28, 'MALE', 75.5, 180.2, '2024-01-10'),
('jane_smith', 'jane@example.com', 'securepass', 32, 'FEMALE', 62.3, 165.8, '2024-02-15'),
('michael_jordan', 'michael@example.com', 'mjsecure', 45, 'MALE', 90.1, 198.3, '2024-03-01'),
('linda_parker', 'linda@example.com', 'lindapass', 29, 'FEMALE', 58.7, 160.5, '2024-03-20'),
('steve_jobs', 'steve@example.com', 'applefan', 50, 'MALE', 75.3, 175.0, '2024-04-05'),
('amy_watson', 'amy@example.com', 'amykey123', 33, 'FEMALE', 64.8, 168.2, '2024-04-15'),
('david_clark', 'david@example.com', 'davidsecure', 41, 'MALE', 85.0, 180.5, '2024-05-10'),
('lucy_adams', 'lucy@example.com', 'lucypass', 27, 'FEMALE', 55.6, 159.8, '2024-06-01'),
('kevin_brown', 'kevin@example.com', 'kevinpass', 37, 'MALE', 78.2, 175.4, '2024-06-12'),
('nina_cooper', 'nina@example.com', 'ninakey', 31, 'FEMALE', 60.5, 162.3, '2024-07-01'),
('robert_wilson', 'robert@example.com', 'robpass', 48, 'MALE', 89.3, 182.1, '2024-07-20'),
('susan_moore', 'susan@example.com', 'susansecure', 36, 'FEMALE', 63.0, 166.5, '2024-08-05'),
('james_taylor', 'james@example.com', 'jamestay', 34, 'MALE', 81.7, 178.9, '2024-08-12'),
('laura_hill', 'laura@example.com', 'laurakey', 29, 'FEMALE', 59.2, 161.8, '2024-09-01'),
('chris_lee', 'chris@example.com', 'chrispass', 40, 'MALE', 87.5, 185.0, '2024-09-15'),
('sophia_wright', 'sophia@example.com', 'sophiasecure', 28, 'FEMALE', 57.4, 164.1, '2024-10-01'),
('benjamin_white', 'ben@example.com', 'benpass', 44, 'MALE', 91.2, 190.3, '2024-10-10'),
('anna_evans', 'anna@example.com', 'annakey', 30, 'FEMALE', 61.8, 165.0, '2024-11-05'),
('matthew_miller', 'matthew@example.com', 'mattpass', 39, 'MALE', 79.5, 177.2, '2024-11-20'),
('emily_davis', 'emily@example.com', 'emilysecure', 35, 'FEMALE', 65.2, 170.4, '2024-12-01'),
('daniel_walker', 'daniel@example.com', 'danpass', 42, 'MALE', 86.8, 184.0, '2024-12-15'),
('karen_johnson', 'karen@example.com', 'karenkey', 33, 'FEMALE', 60.1, 163.2, '2025-01-01'),
('thomas_baker', 'thomas@example.com', 'thomaspass', 38, 'MALE', 80.9, 179.3, '2025-01-15'),
('olivia_martin', 'olivia@example.com', 'oliviapass', 26, 'FEMALE', 58.4, 160.6, '2025-02-01'),
('richard_harris', 'richard@example.com', 'richardkey', 47, 'MALE', 92.5, 193.1, '2025-02-20'),
('paul_anderson', 'paul@example.com', 'paulpass', 43, 'MALE', 83.7, 182.4, '2025-03-01'),
('samantha_clark', 'samantha@example.com', 'samanthapass', 32, 'FEMALE', 62.7, 167.8, '2025-03-15'),
('george_carter', 'george@example.com', 'georgepass', 46, 'MALE', 88.9, 186.2, '2025-04-01'),
('lucas_morris', 'lucas@example.com', 'lucaspass', 29, 'MALE', 77.5, 174.9, '2025-04-20'),
('megan_turner', 'megan@example.com', 'meganpass', 34, 'FEMALE', 63.9, 168.7, '2025-04-30'); -- 30th row added

INSERT INTO admins.adminDetails (username, emailID, passwordkey)
VALUES
('admin1', 'admin1@example.com', 'adminpass1'),
('admin2', 'admin2@example.com', 'adminpass2'),
('admin3', 'admin3@example.com', 'adminpass3'),
('admin4', 'admin4@example.com', 'adminpass4'),
('admin5', 'admin5@example.com', 'adminpass5'),
('admin6', 'admin6@example.com', 'adminpass6'),
('admin7', 'admin7@example.com', 'adminpass7'),
('admin8', 'admin8@example.com', 'adminpass8'),
('admin9', 'admin9@example.com', 'adminpass9'),
('admin10', 'admin10@example.com', 'adminpass10'),
('admin11', 'admin11@example.com', 'adminpass11'),
('admin12', 'admin12@example.com', 'adminpass12'),
('admin13', 'admin13@example.com', 'adminpass13'),
('admin14', 'admin14@example.com', 'adminpass14'),
('admin15', 'admin15@example.com', 'adminpass15'),
('admin16', 'admin16@example.com', 'adminpass16'),
('admin17', 'admin17@example.com', 'adminpass17'),
('admin18', 'admin18@example.com', 'adminpass18'),
('admin19', 'admin19@example.com', 'adminpass19'),
('admin20', 'admin20@example.com', 'adminpass20'),
('admin21', 'admin21@example.com', 'adminpass21'),
('admin22', 'admin22@example.com', 'adminpass22'),
('admin23', 'admin23@example.com', 'adminpass23'),
('admin24', 'admin24@example.com', 'adminpass24'),
('admin25', 'admin25@example.com', 'adminpass25'),
('admin26', 'admin26@example.com', 'adminpass26'),
('admin27', 'admin27@example.com', 'adminpass27'),
('admin28', 'admin28@example.com', 'adminpass28'),
('admin29', 'admin29@example.com', 'adminpass29'),
('admin30', 'admin30@example.com', 'adminpass30');

INSERT INTO admins.foods (foodName, category, calories, carbohydrates, proteins, fats, servingSize)
VALUES
('Apple', 'Fruit', 52, 14, 0.3, 0.2, 100),
('Banana', 'Fruit', 89, 23, 1.1, 0.3, 100),
('Chicken Breast', 'Protein', 165, 0, 31, 3.6, 100),
('Salmon', 'Protein', 208, 0, 20, 13, 100),
('Rice', 'Grain', 130, 28, 2.7, 0.3, 100),
('Bread', 'Grain', 265, 49, 9, 3.2, 100),
('Cheese', 'Dairy', 402, 1.3, 25, 33, 100),
('Milk', 'Dairy', 42, 5, 3.4, 1, 100),
('Eggs', 'Protein', 155, 1.1, 13, 11, 100),
('Almonds', 'Nuts', 579, 22, 21, 50, 100),
('Peanuts', 'Nuts', 567, 16, 26, 49, 100),
('Broccoli', 'Vegetable', 55, 11, 4.2, 0.6, 100),
('Carrots', 'Vegetable', 41, 10, 0.9, 0.2, 100),
('Spinach', 'Vegetable', 23, 3.6, 2.9, 0.4, 100),
('Tomato', 'Vegetable', 18, 3.9, 0.9, 0.2, 100),
('Potato', 'Vegetable', 77, 17, 2, 0.1, 100),
('Olive Oil', 'Fat', 884, 0, 0, 100, 100),
('Butter', 'Fat', 717, 0.1, 0.9, 81, 100),
('Yogurt', 'Dairy', 59, 7, 10, 0.4, 100),
('Lentils', 'Legume', 116, 20, 9, 0.4, 100),
('Black Beans', 'Legume', 132, 23, 8, 0.5, 100),
('Tofu', 'Plant Protein', 144, 3.9, 15, 8, 100),
('Soy Milk', 'Dairy Alternative', 54, 6, 3.3, 1.8, 100),
('Walnuts', 'Nuts', 654, 14, 15, 65, 100),
('Chia Seeds', 'Seeds', 486, 42, 17, 31, 100),
('Pumpkin Seeds', 'Seeds', 446, 54, 19, 19, 100),
('Avocado', 'Fruit', 160, 8.5, 2, 15, 100),
('Shrimp', 'Seafood', 99, 0, 24, 0.3, 100),
('Oatmeal', 'Grain', 68, 12, 2.4, 1.4, 100),
('Dark Chocolate', 'Sweets', 546, 61, 5.4, 31, 100);

INSERT INTO admins.dietPlans (planName, caloriesTarget, proteinsTarget, carbohydratesTarget, fatsTarget)
VALUES
('Weight Loss Plan', 1500, 100, 150, 50),
('Muscle Gain Plan', 2500, 200, 300, 70),
('Keto Diet Plan', 2000, 120, 50, 140),
('Balanced Diet Plan', 2200, 150, 250, 80),
('Vegan Diet Plan', 1800, 90, 200, 60),
('High Protein Diet', 2300, 180, 200, 90),
('Low Carb Diet', 1600, 130, 70, 80),
('Paleo Diet Plan', 2100, 140, 180, 85),
('Mediterranean Diet', 2000, 110, 220, 75),
('Intermittent Fasting Plan', 1800, 100, 180, 60),
('Athlete Performance Plan', 3000, 250, 350, 100),
('Diabetes Management Plan', 1700, 110, 140, 65),
('Heart Healthy Diet', 1900, 120, 180, 70),
('Bodybuilding Diet', 2800, 220, 320, 95),
('Senior Wellness Plan', 1700, 90, 160, 55),
('Plant-Based Diet', 1900, 100, 230, 65),
('High Fiber Diet', 2100, 120, 260, 75),
('Pregnancy Nutrition Plan', 2200, 140, 250, 80),
('Gluten-Free Diet', 2000, 130, 220, 70),
('Liver Detox Plan', 1800, 100, 170, 60),
('Low Fat Diet', 1600, 120, 200, 40),
('Weight Maintenance Plan', 2000, 120, 220, 70),
('Balanced Macronutrient Plan', 2100, 130, 230, 75),
('Endurance Athlete Plan', 2800, 200, 350, 90),
('Diabetic-Friendly Keto Plan', 1900, 130, 50, 120),
('IBS-Friendly Diet', 1700, 100, 150, 60),
('Low Sodium Diet', 1800, 110, 170, 50),
('Child Nutrition Plan', 1600, 90, 200, 45),
('PCOS Management Diet', 1900, 120, 160, 70),
('Post-Surgery Recovery Diet', 2100, 140, 200, 80);

INSERT INTO users.allergies (allergy, userID)
VALUES
('Peanuts', 1),
('Shellfish', 2),
('Dairy', 3),
('Gluten', 4),
('Soy', 5),
('Eggs', 6),
('Fish', 7),
('Tree Nuts', 8),
('Sesame', 9),
('Wheat', 10),
('Peanuts', 11),
('Shellfish', 12),
('Dairy', 13),
('Gluten', 14),
('Soy', 15),
('Eggs', 16),
('Fish', 17),
('Tree Nuts', 18),
('Sesame', 19),
('Wheat', 20),
('Peanuts', 21),
('Shellfish', 22),
('Dairy', 23),
('Gluten', 24),
('Soy', 25),
('Eggs', 26),
('Fish', 27),
('Tree Nuts', 28),
('Sesame', 29),
('Wheat', 30);

INSERT INTO users.goals (userID, goal, dateStarted, dateEnded)
VALUES
(1, 'Lose 5kg in 3 months', '2024-01-15', '2024-04-15'),
(2, 'Gain muscle mass', '2024-02-01', '2024-07-01'),
(3, 'Improve cardiovascular fitness', '2024-03-10', '2024-09-10'),
(4, 'Reduce sugar intake', '2024-04-05', '2024-07-05'),
(5, 'Eat more protein-rich foods', '2024-05-12', '2024-08-12'),
(6, 'Follow a plant-based diet', '2024-06-01', '2024-09-01'),
(7, 'Drink more water daily', '2024-07-05', '2024-10-05'),
(8, 'Lower cholesterol levels', '2024-08-10', '2024-12-10'),
(9, 'Maintain a healthy weight', '2024-09-01', '2025-01-01'),
(10, 'Build a consistent workout routine', '2024-10-15', '2025-04-15'),
(11, 'Improve gut health', '2024-11-05', '2025-03-05'),
(12, 'Reduce fast food consumption', '2024-12-01', '2025-05-01'),
(13, 'Increase fiber intake', '2025-01-10', '2025-06-10'),
(14, 'Reduce caffeine intake', '2025-02-20', '2025-07-20'),
(15, 'Lose 10kg by summer', '2025-03-01', '2025-08-01'),
(16, 'Increase daily step count', '2025-04-10', '2025-09-10'),
(17, 'Eat home-cooked meals', '2025-05-01', '2025-10-01'),
(18, 'Follow a keto diet', '2025-06-15', '2025-09-15'),
(19, 'Gain 5kg of lean muscle', '2025-07-01', '2025-12-01'),
(20, 'Reduce sodium intake', '2025-08-10', '2025-11-10'),
(21, 'Cut out processed foods', '2025-09-01', '2025-12-01'),
(22, 'Improve portion control', '2025-10-05', '2026-02-05'),
(23, 'Eat more fruits and vegetables', '2025-11-15', '2026-03-15'),
(24, 'Follow a Mediterranean diet', '2025-12-01', '2026-04-01'),
(25, 'Reduce red meat consumption', '2026-01-10', '2026-05-10'),
(26, 'Reduce alcohol consumption', '2026-02-20', '2026-06-20'),
(27, 'Lower blood pressure through diet', '2026-03-01', '2026-07-01'),
(28, 'Improve digestion with probiotics', '2026-04-15', '2026-08-15'),
(29, 'Follow an intermittent fasting plan', '2026-05-01', '2026-09-01'),
(30, 'Reduce sugar intake by 50%', '2026-06-10', '2026-10-10');

INSERT INTO users.dietTrack (planID, dateStarted, dateEnded)
VALUES
(1, '2024-01-15', '2024-04-15'),
(2, '2024-02-01', '2024-07-01'),
(3, '2024-03-10', '2024-09-10'),
(4, '2024-04-05', '2024-07-05'),
(5, '2024-05-12', '2024-08-12'),
(6, '2024-06-01', '2024-09-01'),
(7, '2024-07-05', '2024-10-05'),
(8, '2024-08-10', '2024-12-10'),
(9, '2024-09-01', '2025-01-01'),
(10, '2024-10-15', '2025-04-15'),
(11, '2024-11-05', '2025-03-05'),
(12, '2024-12-01', '2025-05-01'),
(13, '2025-01-10', '2025-06-10'),
(14, '2025-02-20', '2025-07-20'),
(15, '2025-03-01', '2025-08-01'),
(16, '2025-04-10', '2025-09-10'),
(17, '2025-05-01', '2025-10-01'),
(18, '2025-06-15', '2025-09-15'),
(19, '2025-07-01', '2025-12-01'),
(20, '2025-08-10', '2025-11-10'),
(21, '2025-09-01', '2025-12-01'),
(22, '2025-10-05', '2026-02-05'),
(23, '2025-11-15', '2026-03-15'),
(24, '2025-12-01', '2026-04-01'),
(25, '2026-01-10', '2026-05-10'),
(26, '2026-02-20', '2026-06-20'),
(27, '2026-03-01', '2026-07-01'),
(28, '2026-04-15', '2026-08-15'),
(29, '2026-05-01', '2026-09-01'),
(30, '2026-06-10', '2026-10-10');

INSERT INTO users.dailyLog (userID, foodID, mealTime, todayDate)
VALUES
(1, 1, 'BREAKFAST', '2024-01-15'),
(2, 2, 'LUNCH', '2024-01-16'),
(3, 3, 'DINNER', '2024-01-17'),
(4, 4, 'BREAKFAST', '2024-01-18'),
(5, 5, 'LUNCH', '2024-01-19'),
(6, 6, 'DINNER', '2024-01-20'),
(7, 7, 'BREAKFAST', '2024-01-21'),
(8, 8, 'LUNCH', '2024-01-22'),
(9, 9, 'DINNER', '2024-01-23'),
(10, 10, 'BREAKFAST', '2024-01-24'),
(11, 11, 'LUNCH', '2024-01-25'),
(12, 12, 'DINNER', '2024-01-26'),
(13, 13, 'BREAKFAST', '2024-01-27'),
(14, 14, 'LUNCH', '2024-01-28'),
(15, 15, 'DINNER', '2024-01-29'),
(16, 16, 'BREAKFAST', '2024-01-30'),
(17, 17, 'LUNCH', '2024-01-31'),
(18, 18, 'DINNER', '2024-02-01'),
(19, 19, 'BREAKFAST', '2024-02-02'),
(20, 20, 'LUNCH', '2024-02-03'),
(21, 21, 'DINNER', '2024-02-04'),
(22, 22, 'BREAKFAST', '2024-02-05'),
(23, 23, 'LUNCH', '2024-02-06'),
(24, 24, 'DINNER', '2024-02-07'),
(25, 25, 'BREAKFAST', '2024-02-08'),
(26, 26, 'LUNCH', '2024-02-09'),
(27, 27, 'DINNER', '2024-02-10'),
(28, 28, 'BREAKFAST', '2024-02-11'),
(29, 29, 'LUNCH', '2024-02-12'),
(30, 30, 'DINNER', '2024-02-13');